timestamp,content,title,author,board
2024-01-08 14:30:00,"今天和朋友聊天很開心，分享了很多有趣的事情。","和朋友聊天的美好時光","girl123",WomenTalk
2024-01-08 15:15:00,"這個化妝品讓我感到很滿意，效果比預期的還要好。","滿意的化妝品","girl456",WomenTalk
2024-01-08 16:00:00,"看到這個穿搭建議我很興奮，明天就試試看！","令人興奮的穿搭","girl789",WomenTalk
2024-01-08 17:45:00,"這個護膚心得很有用，我的皮膚狀況改善很多。","有用的護膚心得","girl101",WomenTalk
2024-01-08 18:20:00,"今天工作很累，心情有點低落。","心情低落的一天","girl202",WomenTalk
2024-01-09 10:10:00,"這個餐廳的評價讓我感到很期待，週末要去試試。","令人期待的餐廳","girl303",WomenTalk
2024-01-09 11:30:00,"這個感情問題讓我感到很困惑，不知道該怎麼處理。","令人困惑的感情","girl404",WomenTalk
2024-01-09 12:00:00,"這個減肥方法很有效，我已經瘦了3公斤了！","有效的減肥方法","girl505",WomenTalk
2024-01-09 13:15:00,"這個職場經驗分享很有啟發性，學到很多。","有啟發性的分享","girl606",WomenTalk
2024-01-09 14:30:00,"今天買到喜歡的衣服，心情特別好！","買到喜歡的衣服","girl707",WomenTalk
2024-01-10 09:00:00,"這個美妝教學很實用，化妝技巧進步很多。","實用的美妝教學","girl808",WomenTalk
2024-01-10 10:15:00,"這個健康資訊很重要，大家都要注意身體。","重要的健康資訊","girl909",WomenTalk
2024-01-10 11:00:00,"今天和家人相處很愉快，感受到滿滿的愛。","愉快的家庭時光","girl010",WomenTalk
2024-01-10 12:30:00,"這個理財建議很專業，對我的財務規劃很有幫助。","專業的理財建議","girl111",WomenTalk
2024-01-10 13:45:00,"這個旅行計畫讓我感到很興奮，已經開始期待了！","令人興奮的旅行","girl212",WomenTalk
2024-01-11 15:20:00,"這個保養品心得很實用，皮膚狀況改善很多。","實用的保養心得","girl313",WomenTalk
2024-01-11 16:30:00,"今天和閨蜜聊天很開心，分享了很多秘密。","開心的閨蜜時光","girl414",WomenTalk
2024-01-11 17:45:00,"這個穿搭靈感很時尚，明天就試試看！","時尚的穿搭","girl515",WomenTalk
2024-01-12 09:30:00,"這個減重食譜很健康，營養又美味。","健康的食譜","girl616",WomenTalk
2024-01-12 10:45:00,"今天購物很順利，買到很多喜歡的東西。","順利的購物","girl717",WomenTalk
2024-01-12 12:00:00,"這個護膚步驟很詳細，跟著做效果很好。","詳細的護膚步驟","girl818",WomenTalk
2024-01-12 13:15:00,"這個化妝技巧很實用，妝容更自然了。","實用的化妝技巧","girl919",WomenTalk
2024-01-12 14:30:00,"今天運動很充實，感覺身體更健康了。","充實的運動","girl020",WomenTalk
2024-01-13 08:15:00,"這個冥想方法很有效，心情變得更平靜。","有效的冥想","girl121",WomenTalk
2024-01-13 09:30:00,"今天早起讀書，感覺很有成就感。","有成就感的讀書","girl222",WomenTalk
2024-01-13 10:45:00,"這個職場技巧很實用，工作效率提升很多。","實用的職場技巧","girl323",WomenTalk
2024-01-13 12:00:00,"今天和朋友聚餐很愉快，聊了很多有趣的話題。","愉快的聚餐","girl424",WomenTalk
2024-01-13 13:30:00,"這個自我提升建議很中肯，我會認真執行。","中肯的建議","girl525",WomenTalk
2024-01-14 09:00:00,"今天整理房間很徹底，環境變得更舒適了。","舒適的環境","girl626",WomenTalk
2024-01-14 10:15:00,"這個心靈成長書籍很有啟發性，學到很多。","有啟發性的書籍","girl727",WomenTalk
2024-01-14 11:30:00,"今天嘗試新髮型，效果比預期的還要好。","滿意的髮型","girl828",WomenTalk
2024-01-14 12:45:00,"這個生活小技巧很實用，讓生活更便利。","實用的生活技巧","girl929",WomenTalk
2024-01-14 14:00:00,"今天學習新技能，感覺很有進步。","有進步的學習","girl030",WomenTalk 